241,Hassan,3616.9667497785163
242,Hassan,1329.5767833122861
243,Aziz,4984.720067903119
244,Hanane,2302.241784139688
245,Yassine,2408.4476079857973
246,Yassine,4933.378038556616
247,Hassan,9257.327698080344
248,Hanane,8898.371202794793
249,Hanane,911.8010900329521
250,Hanane,4046.077557323412
251,Mohamed,1216.2541480691425
252,Mohamed,8421.09481119709
253,Mohamed,2046.955307040429
254,Samir,9374.371131337344
255,Yassine,1736.4825995249266
256,Samir,3156.6497316200903
257,Hanane,3695.279456784314
258,Mohamed,799.2621804242439
259,Hanane,9251.071362248902
260,Samir,531.5796465990763
261,Yassine,4122.421714784143
262,Mohamed,6114.41819358576
263,Aziz,9344.71846403289
264,Hassan,6840.492542660621
265,Mohamed,8322.635755332656
266,Hanane,5529.535494630923
267,Mohamed,8096.117827924056
268,Samir,1496.0566789354145
269,Mohamed,6136.949618744802
270,Mohamed,3467.338298808195
271,Mohamed,2956.0278972255915
272,Hassan,3959.74841971933
273,Hassan,4569.8008314756835
274,Hassan,9270.728869141627
275,Mohamed,9176.498371296848
276,Aziz,4505.998228310657
277,Samir,6113.524299820342
278,Hanane,8836.994248796642
279,Aziz,6847.712055695953
280,Hassan,4279.025684673508
281,Mohamed,2087.344966475219
282,Yassine,9908.86809529556
283,Hanane,3452.413099697128
284,Hanane,9720.792235207105
285,Aziz,5007.294052195563
286,Hanane,4777.634931096809
287,Yassine,9513.91277492245
288,Samir,1380.1431320437441
289,Aziz,6825.73456102066
290,Mohamed,5491.355805502131
291,Mohamed,392.174986627607
292,Aziz,7357.351115343693
293,Hassan,513.9433916529046
294,Yassine,8311.68431570322
295,Hanane,5573.504083489779
296,Samir,7194.912791921979
297,Yassine,908.4659395081807
298,Samir,6125.632842231784
299,Aziz,7902.867573030336
300,Samir,2894.5892846129263
301,Yassine,7001.725851030113
302,Yassine,9794.039971077389
303,Hassan,9123.908111784309
304,Yassine,9922.327059169826
305,Hassan,1929.6346238473927
306,Yassine,2006.3791661110174
307,Samir,4820.208482121231
308,Mohamed,2556.8306602567845
309,Hassan,8793.714060110722
310,Yassine,111.94163265222711
311,Hanane,1392.3950761672977
312,Samir,4744.203839576437
313,Hassan,152.5093411077305
314,Mohamed,7610.315823486628
315,Yassine,59.17673378854293
316,Yassine,9740.21105797401
317,Hanane,6526.8349772757365
318,Aziz,7509.474268540604
319,Aziz,8036.431527230132
320,Mohamed,9253.35904713739
321,Yassine,4585.666655524668
322,Yassine,4597.674746483578
323,Mohamed,5026.972908663331
324,Hanane,5546.132991323573
325,Yassine,8814.246703603732
326,Hanane,7825.76714418671
327,Yassine,3944.6391508377587
328,Mohamed,8008.363157881973
329,Hassan,1413.2525834516064
330,Mohamed,8459.393510079
331,Hanane,8399.867242131437
332,Samir,9085.842486982581
333,Hassan,3937.6246722419737
334,Hanane,4435.952809137497
335,Mohamed,5889.926149896192
336,Hanane,3128.950185834826
337,Hanane,755.9332657594309
338,Aziz,6449.102042734147
339,Hanane,4865.504176854377
340,Samir,5720.183708589796
341,Hanane,8795.916847485405
342,Mohamed,6683.94504898125
343,Samir,5886.354017090931
344,Hanane,346.13601005673013
345,Yassine,239.0957663573634
346,Mohamed,6838.960128740325
347,Hanane,1932.2229989227812
348,Aziz,3898.598544041474
349,Yassine,4837.1314795551725
350,Hassan,8096.102631356994
351,Hanane,601.3026951076262
352,Aziz,2421.1127047170057
353,Mohamed,6344.862039912575
354,Hanane,2038.4114322219339
355,Aziz,1406.9572002511643
356,Aziz,3761.429407662321
357,Aziz,3199.718316112241
358,Mohamed,8164.838857657264
359,Hassan,4674.494773913455
360,Samir,4346.979004891924
361,Samir,7024.480341191837
362,Mohamed,614.9142965629773
363,Hanane,4643.274949052456
364,Hassan,3169.5942747633553
365,Hanane,3790.1100202474336
366,Yassine,3991.239800520253
367,Yassine,8295.444180302162
368,Yassine,7247.370952338409
369,Samir,1547.6537663414347
370,Yassine,5755.712590508525
371,Mohamed,3161.1257696926787
372,Samir,9325.687953178589
373,Samir,5522.978810024759
374,Aziz,575.7528033557479
375,Mohamed,1890.8888916941225
376,Hanane,386.053226466454
377,Mohamed,6065.369975011159
378,Aziz,209.7097604339615
379,Hassan,8739.85097088681
380,Samir,6650.579279844543
381,Hassan,7450.779912196757
382,Hassan,1046.0110277273316
383,Aziz,3273.7723098305114
384,Mohamed,3201.5360243234013
